INSERT INTO ACCOUNT (ACC_ID, PASSWORD, STD_EMAIL, LEC_EMAIL, ADMIN_EMAIL) VALUES (1,'password', '6531503132@lamduan.mfu.ac.th', NULL, NULL);
INSERT INTO ACCOUNT (ACC_ID, PASSWORD, STD_EMAIL, LEC_EMAIL, ADMIN_EMAIL) VALUES (2,'hello', '6531503139@lamduan.mfu.ac.th', NULL, NULL);
INSERT INTO ACCOUNT (ACC_ID, PASSWORD, STD_EMAIL, LEC_EMAIL, ADMIN_EMAIL) VALUES (3,'hi', '6531503142@lamduan.mfu.ac.th', NULL, NULL);
INSERT INTO ACCOUNT (ACC_ID, PASSWORD, STD_EMAIL, LEC_EMAIL, ADMIN_EMAIL) VALUES (4,'fff', NULL, 'nacha@lamduan.mfu.ac.th', NULL);
INSERT INTO ACCOUNT (ACC_ID, PASSWORD, STD_EMAIL, LEC_EMAIL, ADMIN_EMAIL) VALUES (5,'aaa', NULL, NULL, 'ms.thiri@gmail.com');


INSERT INTO ADMIN (ADMIN_ID, ADMIN_NAME, ADMIN_EMAIL) VALUES (01, 'AH PHAR', 'mr.ahphar@gmail.com');
INSERT INTO ADMIN (ADMIN_ID, ADMIN_NAME, ADMIN_EMAIL) VALUES (02, 'THIRI', 'ms.thiri@gmail.com');
INSERT INTO ADMIN (ADMIN_ID, ADMIN_NAME, ADMIN_EMAIL) VALUES (03, 'YOON', 'ms.yoon@gmailcom');


INSERT INTO LECTURER (LEC_ID, FIRST_NAME, LAST_NAME, LEC_EMAIL) VALUES ('L0001','AJARN','NACHA','nacha@lamduan.mfu.ac.th');
INSERT INTO LECTURER (LEC_ID, FIRST_NAME, LAST_NAME, LEC_EMAIL) VALUES ('L0002','AJARN','YING','ying@lamduan.mfu.ac.th');
INSERT INTO LECTURER (LEC_ID, FIRST_NAME, LAST_NAME, LEC_EMAIL) VALUES ('L0003','AJARN','SIRAK','sirak@lamduan.mfu.ac.th');
INSERT INTO LECTURER (LEC_ID, FIRST_NAME, LAST_NAME, LEC_EMAIL) VALUES ('L0004','AJARN','BONJOUR','bonjour@lamduan.mfu.ac.th');


INSERT INTO STUDENT (STD_NUM, STD_ID, FIRST_NAME, LAST_NAME, STD_EMAIL, SEC_ID) VALUES (1, 6531503132, 'AH','PHAR','6531503132@lamduan.mfu.ac.th',5);
INSERT INTO STUDENT (STD_NUM, STD_ID, FIRST_NAME, LAST_NAME, STD_EMAIL, SEC_ID) VALUES (2, 6531503132, 'AH','PHAR','6531503132@lamduan.mfu.ac.th',2);
INSERT INTO STUDENT (STD_NUM, STD_ID, FIRST_NAME, LAST_NAME, STD_EMAIL, SEC_ID) VALUES (3, 6531503132, 'AH','PHAR','6531503132@lamduan.mfu.ac.th',3);
INSERT INTO STUDENT (STD_NUM, STD_ID, FIRST_NAME, LAST_NAME, STD_EMAIL, SEC_ID) VALUES (4, 6531503132, 'AH','PHAR','6531503132@lamduan.mfu.ac.th',1);
INSERT INTO STUDENT (STD_NUM, STD_ID, FIRST_NAME, LAST_NAME, STD_EMAIL, SEC_ID) VALUES (5, 6531503139, 'GEORGE','LARINCHANA','6531503139@lamduan.mfu.ac.th',5);
INSERT INTO STUDENT (STD_NUM, STD_ID, FIRST_NAME, LAST_NAME, STD_EMAIL, SEC_ID) VALUES (6, 6531503142, 'HTET','LIN AUNG','6531503142@lamduan.mfu.ac.th',1);
INSERT INTO STUDENT (STD_NUM, STD_ID, FIRST_NAME, LAST_NAME, STD_EMAIL, SEC_ID) VALUES (7, 6531503178, 'SAI','SENG MAIN','6531503178@lamduan.mfu.ac.th',1);
INSERT INTO STUDENT (STD_NUM, STD_ID, FIRST_NAME, LAST_NAME, STD_EMAIL, SEC_ID) VALUES (8, 6531503190, 'THIRI','SHWE SIN','6531503190@lamduan.mfu.ac.th',4);
INSERT INTO STUDENT (STD_NUM, STD_ID, FIRST_NAME, LAST_NAME, STD_EMAIL, SEC_ID) VALUES (9, 6531503194, 'YOON','MOH MOH AUNG','6531503194@lamduan.mfu.ac.th',4);
INSERT INTO STUDENT (STD_NUM, STD_ID, FIRST_NAME, LAST_NAME, STD_EMAIL, SEC_ID) VALUES (11, 6531503139, 'GEORGE','LARINCHANA','6531503139@lamduan.mfu.ac.th',2);
INSERT INTO STUDENT (STD_NUM, STD_ID, FIRST_NAME, LAST_NAME, STD_EMAIL, SEC_ID) VALUES (12, 6531503139, 'GEORGE','LARINCHANA','6531503139@lamduan.mfu.ac.th',3);


INSERT INTO COURSE (COURSE_ID, COURSE_NAME, CREDIT) VALUES (1305217, 'SOFTWARE REQUIREMENTS ANALYSIS ', 03);
INSERT INTO COURSE (COURSE_ID, COURSE_NAME, CREDIT) VALUES (1305215, 'WEB APPLICATION DEVELOPMENT', 03);
INSERT INTO COURSE (COURSE_ID, COURSE_NAME, CREDIT) VALUES (1501208, 'DATABASE SYSTEMS', 03);
INSERT INTO COURSE (COURSE_ID, COURSE_NAME, CREDIT) VALUES (1501108, 'FRANCH', 03);
INSERT INTO COURSE (COURSE_ID, COURSE_NAME, CREDIT) VALUES (1501111, 'MATHS FOR ENGINEERING 2', 03);
INSERT INTO COURSE (COURSE_ID, COURSE_NAME, CREDIT) VALUES (1502222, 'PROBABILITY', 03);

INSERT INTO SECTION (SEC_ID, COURSE_ID, LEC_ID, SEC_NO) VALUES(1, 1305217, 'L0003', 01);
INSERT INTO SECTION (SEC_ID, COURSE_ID, LEC_ID, SEC_NO) VALUES(2, 1501111, 'L0003', 01);
INSERT INTO SECTION (SEC_ID, COURSE_ID, LEC_ID, SEC_NO) VALUES(3, 1501108, 'L0001', 03);
INSERT INTO SECTION (SEC_ID, COURSE_ID, LEC_ID, SEC_NO) VALUES(4, 1305215, 'L0001', 05);
INSERT INTO SECTION (SEC_ID, COURSE_ID, LEC_ID, SEC_NO) VALUES(5, 1501208, 'L0002', 06);

INSERT INTO POST (P_ID, CONTENT, LEC_INPUT,WEEK_NO,  SEC_ID) VALUES (1, 'Hello forks','1111',  01 ,4);
INSERT INTO POST (P_ID, CONTENT,LEC_INPUT,WEEK_NO,  SEC_ID) VALUES (2, 'hhhhhhhhhhhhhhhhhhhhhh','1111', 01 ,4);
INSERT INTO POST (P_ID, CONTENT, LEC_INPUT,WEEK_NO, SEC_ID) VALUES (3, 'sssssssssssssssssss','1111', 01 ,4);
INSERT INTO POST (P_ID, CONTENT, LEC_INPUT,WEEK_NO,  SEC_ID) VALUES (4, 'eetefeeeeeeeeeeeeeeffffeeess','1111',  01 ,3);
INSERT INTO POST (P_ID, CONTENT,LEC_INPUT,WEEK_NO,  SEC_ID) VALUES (5, 'eetefeeeffffeeess','1111', 01 ,3);
INSERT INTO POST (P_ID, CONTENT, LEC_INPUT,WEEK_NO, SEC_ID) VALUES (6, 'eetefeeeeeeeeeeedfeeeeeev rhreherheeffffeeess','1111',  01 ,3);
INSERT INTO POST (P_ID, CONTENT, LEC_INPUT,WEEK_NO,  SEC_ID) VALUES (7, 'Hello forks','1111',  01 ,5);


INSERT INTO ATTENDANCE (ATT_ID, STD_NUM,  STATUS, WEEK_NO, STD_INPUT, SEC_ID) VALUES (1, 1,  false ,'2222', 01 ,4);
INSERT INTO ATTENDANCE (ATT_ID, STD_NUM,  STATUS, WEEK_NO, STD_INPUT, SEC_ID) VALUES (2, 6,  false ,'2222', 01 ,4);
INSERT INTO ATTENDANCE (ATT_ID, STD_NUM,  STATUS, WEEK_NO, STD_INPUT,SEC_ID) VALUES (3, 3,  false ,'2222', 01 ,3);
INSERT INTO ATTENDANCE (ATT_ID, STD_NUM,  STATUS, WEEK_NO, STD_INPUT, SEC_ID) VALUES (4, 3,  true ,'1111', 01 ,3);
INSERT INTO ATTENDANCE (ATT_ID, STD_NUM, STATUS, WEEK_NO, STD_INPUT, SEC_ID) VALUES (5, 1,  true ,'1111', 01 ,5);
INSERT INTO ATTENDANCE (ATT_ID, STD_NUM,  STATUS, WEEK_NO, STD_INPUT,SEC_ID) VALUES (6, 4,  true ,'1111', 01 ,4);
INSERT INTO ATTENDANCE (ATT_ID, STD_NUM,  STATUS, WEEK_NO, STD_INPUT,SEC_ID) VALUES (7, 7,  true ,'1111', 01 ,4);
